{"cameraMode":{"drawMode":0,"name":"Shaded","section":"Shading Mode"},"sceneLighting":false,"audioPlay":false,"sceneViewState":{"m_AlwaysRefresh":false,"showFog":true,"showSkybox":false,"showFlares":true,"showImageEffects":true,"showParticleSystems":true,"showVisualEffectGraphs":true,"m_FxEnabled":true},"in2DMode":false,"pivot":{"x":0.5389241576194763,"y":-0.026120305061340333,"z":0.7609596252441406},"rotation":{"x":0.17878329753875733,"y":0.05162805691361427,"z":-0.009394751861691475,"w":0.9824900031089783},"size":1.6321516036987305,"orthographic":false}