{"cameraMode":{"drawMode":0,"name":"Shaded","section":"Shading Mode"},"sceneLighting":true,"audioPlay":false,"sceneViewState":{"m_AlwaysRefresh":false,"showFog":true,"showSkybox":true,"showFlares":true,"showImageEffects":true,"showParticleSystems":true,"showVisualEffectGraphs":true,"m_FxEnabled":true},"in2DMode":false,"pivot":{"x":1.3758234977722169,"y":0.39957982301712038,"z":0.4754946231842041},"rotation":{"x":-0.09907882660627365,"y":-0.03671306371688843,"z":0.0036575363483279945,"w":-0.9943913221359253},"size":2.301008462905884,"orthographic":false}