{"cameraMode":{"drawMode":0,"name":"Shaded","section":"Shading Mode"},"sceneLighting":false,"audioPlay":false,"sceneViewState":{"m_AlwaysRefresh":false,"showFog":true,"showSkybox":false,"showFlares":true,"showImageEffects":true,"showParticleSystems":true,"showVisualEffectGraphs":true,"m_FxEnabled":true},"in2DMode":false,"pivot":{"x":2.32292103767395,"y":0.759522557258606,"z":0.06944239139556885},"rotation":{"x":0.10030589997768402,"y":-0.022384624928236009,"z":0.0022572551388293506,"w":0.9947041869163513},"size":1.0276280641555787,"orthographic":false}